ablation,top1,mrr,throughput_per_sec,elapsed_ms,margin_mean,margin_std
penalty_0.0,0.875,0.9375,218351.15892221656,9.379386901855469,0.8125,0.0
penalty_-0.5,0.875,0.9375,221492.821205714,9.246349334716797,1.21875,0.0
penalty_-1.0,0.875,0.9375,187442.65590154275,10.926008224487305,1.625,0.0
